Name	College	Position	Height	Weight	Year	Place of Birth	Rating
Justin Fields	Ohio State	QB	6' 3''	228	Junior	Kennesaw, GA	Heisman
Trevor Lawrence	Clemson	QB	6' 6"	220	Junior	Cartersville, GA	Heisman
Mac Jones	Alabama	QB	6' 3"	214	Junior	Jacksonville, FL	Captain
Kyle Trask	Florida	QB	6' 5"	240	Senior	Manvel, TX	Captain
Zach Wilson	BYU	QB	6' 3"	210	Junior	Draper, UT	Captain
D'Eriq King	Miami (FL)	QB	5' 11"	202	Senior	Manvel, TX	Captain
Sam Howell	North Carolina	QB	6' 1"	225	Sophomore	Indian Trail, NC	Starter
Kedon Slovis	USC	QB	6' 2"	200	Sophomore	Scottsdale, AZ	Starter
Spencer Rattler	Oklahoma	QB	6' 1"	205	Freshman	Phoenix, AZ	Starter
Sam Ehlinger	Texas	QB	6' 3"	225	Senior	Austin, TX	Starter
Travis Etienne	Clemson	RB	5' 10"	205	Senior	Jennings, LA	Heisman
Najee Harris	Alabama	RB	6' 2" 	229	Senior	Martinez, CA	Heisman
Chuba Hubbard	Oklahoma State	RB	6' 0"	207	Junior	Edmonton, Canada	Captain
Breece Hall	Iowa State	RB	6' 1"	215	Sophomore	Wichita, KS	Captain
Ulysses Bentley IV	SMU	RB	5' 10"	184	Freshman	Houston, TX	Captain
Zamir White	Georgia	RB	6' 0"	215	Sophomore	Laurinburg, NC	Captain
Master Teague III	Ohio State	RB	5' 11"	225	Sophomore	Murfreesboro, TN	Starter
Stephen Carr	USC	RB	6' 0"	216	Senior	Gardena, CA	Starter
CJ Verdell	Oregon	RB	5' 10"	210	Junior	Chula Vista, CA	Starter
Stevie Scott	Indiana	RB	6' 2"	231	Junior	Syracuse, NY	Starter
Devonta Smith	Alabama	WR	6' 1"	174	Senior	Amite City, LA	Heisman
Chris Olave	Ohio State	WR	6' 1"	187	Junior	San Marcos, CA	Heisman
Rashod Bateman	Minnesota	WR	6' 2"	210	Junior	Tifton, GA	Captain
Justyn Ross	Clemson	WR	6' 4"	205	Junior	Phenix City, AL	Captain
George Pickens	Georgia	WR	6' 3"	190	Sophomore	Hoover, AL	Captain
Amonra St. Brown	USC	WR	6' 1"	194	Junior	Anaheim Hills, CA	Captain
Rondale Moore	Purdue	WR	5' 9"	181	Junior	New Albany, IN	Starter
Charleston Rambo	Oklahoma	WR	6' 1"	180	Junior	Cedar Hill, TX	Starter
Khalil Shakir	Boise State	WR	6' 2"	185	Junior	Murietta, CA	Starter
Dazz Newsome	North Carolina	WR	5' 11"	190	Senior	Hampton, VA	Starter
Kyle Pitts	Florida	TE	6' 6"	240	Junior	Philadelphia, PA	Heisman
Pat Freiermuth	Penn State	TE	6' 5"	260	Junior	Merrimac, MA	Heisman
Brant Kuithe	Utah	TE	6' 2"	230	Junior	Katy, TX	Captain
Brevin Jordan	Miami (FL)	TE	6' 3"	245	Junior	Las Vegas, NV	Captain
Matt Bushman	BYU	TE	6' 5"	240	Senior	Tuscon, AZ	Captain
Xavier Gaines	Marshall	TE	6' 3"	230	Senior	Frostproof, FL	Captain
Josh Pederson	ULM	TE	6' 5"	235	Senior	Morristown, NJ	Starter
John Raine	Northwestern	TE	6' 2"	230	Senior	Miami, FL	Starter
Jeremy Ruckert	Ohio State	TE	6' 5" 	253	Junior	Lindenhurst, NY	Starter
Jalen Wydermyer	Texas A&M	TE	6' 5"	265	Sophomore	Dickinson, TX	Starter
Cade York	LSU	K	6' 1"	198	Sophomore	Mckinney, TX	Heisman
Matthew Trickett	Kent State	K	6' 0"	198	Junior	London, Canada	Heisman
Riley Patterson	Memphis	K	6' 0"	190	Senior	Edwardsville, IL	Captain
Keith Duncan	Iowa  	K	5' 10"	179	Senior	Weddington, NC	Captain
Nick Sciba	Wake Forest	K	5' 9"	188	Junior	Clover, SC	Captain
Jake Verity	East Carolina	K	6' 1"	201	Senior	Bremen, GA	Captain
Blake Grupe	Arkansas State	K	5' 8"	150	Junior	Sedalia, MO	Starter
Blake Mazza	Washington State	K	5' 9"	183	Junior	Plano, TX	Starter
Gabe Brkic	Oklahoma	K	6' 2"	198	Sophomore	Chardon, OH	Starter
Luke Logan	Ole Miss	K	5' 11"	180	Senior	Hattiesburg, MS	Starter